Date,Lat,Lon,Alt,S Lat,S Lon,S Alt,Distance,Power,cal-offset,offset,772,,850,2400,5100,Building Count,,cal
2023-05-31 14:36,36.35129,127.349101,48,36.351051,127.349287,43,31.34103,-64.11,-22.54876987,-47.1143,-34.1143,,-34.95033,-43.96618,-50.51336,0,,
2023-05-31 14:36,36.35129,127.349101,48,36.351051,127.349287,43,31.34103,-62.82,-22.54876987,-47.1143,-34.1143,,-34.95033,-43.96618,-50.51336,0,,
2023-05-31 14:36,36.35129,127.349101,48,36.351051,127.349287,43,31.34103,-42.43,-22.54876987,-47.1143,-34.1143,,-34.95033,-43.96618,-50.51336,0,,
2023-05-31 14:36,36.35129,127.349101,48,36.351051,127.349287,43,31.34103,-63.53,-22.54876987,-47.1143,-34.1143,,-34.95033,-43.96618,-50.51336,0,,
2023-05-31 14:36,36.35129,127.349101,48,36.351051,127.349287,43,31.34103,-62.53,-22.54876987,-47.1143,-34.1143,,-34.95033,-43.96618,-50.51336,0,,
2023-05-31 14:36,36.35129,127.349101,48,36.351051,127.349287,43,31.34103,-63.88,-22.54876987,-47.1143,-34.1143,,-34.95033,-43.96618,-50.51336,0,,
2023-05-31 14:36,36.35129,127.349101,48,36.351051,127.349287,43,31.34103,-63.91,-22.54876987,-47.1143,-34.1143,,-34.95033,-43.96618,-50.51336,0,,
2023-05-31 14:36,36.35129,127.349101,48,36.351051,127.349287,43,31.34103,-63.78,-22.54876987,-47.1143,-34.1143,,-34.95033,-43.96618,-50.51336,0,,
2023-05-31 14:36,36.35129,127.349101,48,36.351051,127.349287,43,31.34103,-62.02,-22.54876987,-47.1143,-34.1143,,-34.95033,-43.96618,-50.51336,0,,
2023-05-31 14:36,36.35129,127.349101,48,36.351051,127.349287,43,31.34103,-63,-22.54876987,-47.1143,-34.1143,,-34.95033,-43.96618,-50.51336,0,,
2023-05-31 14:36,36.35129,127.349101,48,36.351051,127.349287,43,31.34103,-62.06,-22.54876987,-47.1143,-34.1143,,-34.95033,-43.96618,-50.51336,0,,
2023-05-31 14:36,36.35129,127.349101,48,36.351051,127.349287,43,31.34103,-62.56,-22.54876987,-47.1143,-34.1143,,-34.95033,-43.96618,-50.51336,0,,
2023-05-31 14:36,36.35129,127.349101,48,36.351051,127.349287,43,31.34103,-63.58,-22.54876987,-47.1143,-34.1143,,-34.95033,-43.96618,-50.51336,0,,
2023-05-31 14:36,36.35129,127.349101,48,36.351051,127.349287,43,31.34103,-63.59,-22.54876987,-47.1143,-34.1143,,-34.95033,-43.96618,-50.51336,0,,
2023-05-31 14:36,36.35129,127.349101,48,36.351051,127.349287,43,31.34103,-62.24,-22.54876987,-47.1143,-34.1143,,-34.95033,-43.96618,-50.51336,0,,
2023-05-31 14:36,36.35129,127.349101,48,36.351051,127.349287,43,31.34103,-61.82,-22.54876987,-47.1143,-34.1143,,-34.95033,-43.96618,-50.51336,0,,
2023-05-31 14:36,36.35129,127.349101,48,36.351051,127.349287,43,31.34103,-63.31,-22.54876987,-47.1143,-34.1143,,-34.95033,-43.96618,-50.51336,0,,
2023-05-31 14:36,36.35129,127.349101,48,36.351051,127.349287,43,31.34103,-62.21,-22.54876987,-47.1143,-34.1143,,-34.95033,-43.96618,-50.51336,0,,
2023-05-31 14:36,36.35129,127.349101,48,36.351051,127.349287,43,31.34103,-61.8,-22.54876987,-47.1143,-34.1143,,-34.95033,-43.96618,-50.51336,0,,
2023-05-31 14:36,36.35129,127.349101,48,36.351051,127.349287,43,31.34103,-61.44,-22.54876987,-47.1143,-34.1143,,-34.95033,-43.96618,-50.51336,0,,
2023-05-31 14:36,36.35129,127.349101,48,36.351051,127.349287,43,31.34103,-61.83,-22.54876987,-47.1143,-34.1143,,-34.95033,-43.96618,-50.51336,0,,
2023-05-31 14:36,36.35129,127.349101,48,36.351051,127.349287,43,31.34103,-63.08,-22.54876987,-47.1143,-34.1143,,-34.95033,-43.96618,-50.51336,0,,
2023-05-31 14:36,36.35129,127.349101,48,36.351051,127.349287,43,31.34103,-61.89,-22.54876987,-47.1143,-34.1143,,-34.95033,-43.96618,-50.51336,0,,
2023-05-31 14:36,36.35129,127.349101,48,36.351051,127.349287,43,31.34103,-61.63,-22.54876987,-47.1143,-34.1143,,-34.95033,-43.96618,-50.51336,0,,
2023-05-31 14:36,36.35129,127.349101,48,36.351051,127.349287,43,31.34103,-61.74,-22.54876987,-47.1143,-34.1143,,-34.95033,-43.96618,-50.51336,0,,
2023-05-31 14:36,36.35129,127.349101,48,36.351051,127.349287,43,31.34103,-62.35,-22.54876987,-47.1143,-34.1143,,-34.95033,-43.96618,-50.51336,0,,
2023-05-31 14:36,36.35129,127.349101,48,36.351051,127.349287,43,31.34103,-61.88,-22.54876987,-47.1143,-34.1143,,-34.95033,-43.96618,-50.51336,0,,
2023-05-31 14:36,36.35129,127.349101,48,36.351051,127.349287,43,31.34103,-46.37,-22.54876987,-47.1143,-34.1143,,-34.95033,-43.96618,-50.51336,0,,
2023-05-31 14:36,36.35129,127.349101,48,36.351051,127.349287,43,31.34103,-59.63,-22.54876987,-47.1143,-34.1143,,-34.95033,-43.96618,-50.51336,0,,
2023-05-31 14:36,36.351289,127.3491,48.5,36.351051,127.349287,43,31.3515,-54.21,-22.616321,-47.1172,-34.1172,,-34.95323,-43.96908,-50.51627,0,,
2023-05-31 14:36,36.351288,127.3491,48.9,36.351051,127.349287,43,31.40977,-50.66,-22.98296529,-47.13334,-34.13334,,-34.96936,-43.98521,-50.53239,0,,
2023-05-31 14:36,36.351288,127.349101,49,36.351051,127.349287,43,31.40977,-51.89,-22.98296529,-47.13334,-34.13334,,-34.96936,-43.98521,-50.53239,0,,
2023-05-31 14:36,36.351289,127.349102,49,36.351051,127.349287,43,31.21961,-43.66,-21.72441953,-47.08059,-34.08059,,-34.91662,-43.93246,-50.47965,0,,
2023-05-31 14:36,36.351289,127.349103,49.5,36.351051,127.349287,43,31.29012,-50.86,-22.21260216,-47.10019,-34.10019,,-34.93621,-43.95206,-50.49924,0,,
2023-05-31 14:36,36.351289,127.349103,50.1,36.351051,127.349287,43,31.55274,-52.17,-23.82197482,-47.17278,-34.17278,,-35.00881,-44.02466,-50.57184,0,,
2023-05-31 14:36,36.351289,127.349103,50.7,36.351051,127.349287,43,31.88386,-55.93,-25.5009725,-47.26346,-34.26346,,-35.09949,-44.11533,-50.66252,0,,
2023-05-31 14:36,36.35129,127.349104,51.1,36.351051,127.349287,43,31.9793,-55.04,-25.93023249,-47.28942,-34.28942,,-35.12545,-44.1413,-50.68848,0,,
2023-05-31 14:36,36.351289,127.349104,51.2,36.351051,127.349287,43,31.73055,-55.89,-24.76368303,-47.2216,-34.2216,,-35.05762,-44.07347,-50.62065,0,,
2023-05-31 14:36,36.35129,127.349106,51.2,36.351051,127.349287,43,31.80435,-54.14,-25.12641568,-47.24177,-34.24177,,-35.0778,-44.09364,-50.64083,0,,
2023-05-31 14:36,36.351291,127.349106,51.2,36.351051,127.349287,43,31.95437,-51.37,-25.82013575,-47.28264,-34.28264,,-35.11867,-44.13452,-50.6817,0,,
2023-05-31 14:36,36.351293,127.349105,51.1,36.351051,127.349287,43,31.95437,-49.89,-25.82013575,-47.28264,-34.28264,,-35.11867,-44.13452,-50.6817,0,,
2023-05-31 14:36,36.351293,127.349107,51.3,36.351051,127.349287,43,32.03057,-56.65,-26.15235931,-47.30333,-34.30333,,-35.13936,-44.15521,-50.70239,0,,
2023-05-31 14:36,36.351291,127.349114,52.2,36.351051,127.349287,43,31.80288,-49.07,-25.11933642,-47.24137,-34.24137,,-35.0774,-44.09324,-50.64043,0,,
2023-05-31 14:36,36.351289,127.349123,53.6,36.351051,127.349287,43,31.59135,-61.62,-24.03531417,-47.1834,-34.1834,,-35.01943,-44.03528,-50.58246,0,,
2023-05-31 14:36,36.351285,127.349134,55.1,36.351051,127.349287,43,31.47687,-59.8,-23.38684537,-47.15187,-34.15187,,-34.9879,-44.00374,-50.55093,0,,
2023-05-31 14:36,36.35128,127.349146,56.6,36.351051,127.349287,43,31.01772,-55.93,-20.15256619,-47.02424,-34.02424,,-34.86027,-43.87611,-50.4233,0,,
2023-05-31 14:36,36.351277,127.349158,58.1,36.351051,127.349287,43,31.10376,-55.81,-20.85749303,-47.0483,-34.0483,,-34.88433,-43.90017,-50.44736,0,,
2023-05-31 14:36,36.351273,127.349171,59.5,36.351051,127.349287,43,31.14744,-50.76,-21.19459971,-47.06049,-34.06049,,-34.89651,-43.91236,-50.45955,0,,
2023-05-31 14:36,36.35127,127.349184,60.9,36.351051,127.349287,43,31.0917,-47.25,-20.76206621,-47.04493,-34.04493,,-34.88096,-43.8968,-50.44399,0,,
2023-05-31 14:36,36.351265,127.349196,62.2,36.351051,127.349287,43,31.41574,-43.31,-23.01967005,-47.13499,-34.13499,,-34.97102,-43.98686,-50.53405,0,,
2023-05-31 14:36,36.351261,127.349209,63.7,36.351051,127.349287,43,31.50516,-44.35,-23.55165337,-47.15967,-34.15967,,-34.9957,-44.01155,-50.55873,0,,
2023-05-31 14:36,36.351258,127.349222,65.2,36.351051,127.349287,43,32.09053,-44.31,-26.40512808,-47.31958,-34.31958,,-35.15561,-44.17145,-50.71864,0,,
2023-05-31 14:36,36.351254,127.349235,66.6,36.351051,127.349287,43,32.68551,-39.91,-28.58053548,-47.47915,-34.47915,,-35.31517,-44.33102,-50.8782,0,,
2023-05-31 14:36,36.35125,127.349247,68.1,36.351051,127.349287,43,33.15974,-41.21,-29.99302696,-47.60426,-34.60426,,-35.44029,-44.45614,-51.00332,0,,
2023-05-31 14:36,36.351245,127.349259,69.5,36.351051,127.349287,43,33.93126,-40.61,-31.89063535,-47.80404,-34.80404,,-35.64007,-44.65591,-51.2031,0,,
2023-05-31 14:36,36.351241,127.34927,70.8,36.351051,127.349287,43,34.47275,-41.45,-33.01149249,-47.94156,-34.94156,,-35.77759,-44.79343,-51.34062,0,,
2023-05-31 14:36,36.351239,127.349282,72.2,36.351051,127.349287,43,35.50193,-39.61,-34.81030121,-48.19708,-35.19708,,-36.03311,-45.04895,-51.59614,0,,
2023-05-31 14:36,36.351237,127.349294,73.7,36.351051,127.349287,43,36.46613,-38.87,-36.21288864,-48.42983,-35.42983,,-36.26586,-45.28171,-51.82889,0,,
2023-05-31 14:36,36.351234,127.349306,75.2,36.351051,127.349287,43,37.4806,-38.54,-37.47872866,-48.66817,-35.66817,,-36.5042,-45.52005,-52.06723,0,,
2023-05-31 14:37,36.351231,127.349318,76.7,36.351051,127.349287,43,38.71133,-39.09,-38.80168932,-48.9488,-35.9488,,-36.78483,-45.80068,-52.34786,0,,
2023-05-31 14:37,36.351227,127.349331,78.2,36.351051,127.349287,43,40.00739,-39.96,-40.0064165,-49.23484,-36.23484,,-37.07087,-46.08672,-52.6339,0,,
2023-05-31 14:37,36.351224,127.349343,79.7,36.351051,127.349287,43,41.16719,-40.63,-40.95887811,-49.48307,-36.48307,,-37.3191,-46.33494,-52.88213,0,,
2023-05-31 14:37,36.35122,127.349355,81.2,36.351051,127.349287,43,42.56484,-42.02,-41.98313925,-49.77306,-36.77306,,-37.60909,-46.62494,-53.17212,0,,
2023-05-31 14:37,36.351217,127.349367,82.7,36.351051,127.349287,43,43.79829,-42.82,-42.79650537,-50.02118,-37.02118,,-37.85721,-46.87306,-53.42024,0,,
2023-05-31 14:37,36.351214,127.349379,84.2,36.351051,127.349287,43,45.28047,-45,-43.68273425,-50.31026,-37.31026,,-38.14629,-47.16213,-53.70932,0,,
2023-05-31 14:37,36.351211,127.34939,85.6,36.351051,127.349287,43,46.57493,-45.63,-44.38903406,-50.55508,-37.55508,,-38.39111,-47.40696,-53.95414,0,,
2023-05-31 14:37,36.351208,127.349403,87.1,36.351051,127.349287,43,47.78729,-45.87,-45.00219572,-50.77829,-37.77829,,-38.61432,-47.63016,-54.17735,0,,
2023-05-31 14:37,36.351205,127.349414,88.5,36.351051,127.349287,43,49.22272,-45.62,-45.6762968,-51.03535,-38.03535,,-38.87138,-47.88723,-54.43441,0,,
2023-05-31 14:37,36.351201,127.349426,90,36.351051,127.349287,43,50.67857,-45.82,-46.31041005,-51.28852,-38.28852,,-39.12455,-48.1404,-54.68758,0,,
2023-05-31 14:37,36.351197,127.349437,91.4,36.351051,127.349287,43,52.06402,-46.16,-46.87369285,-51.52279,-38.52279,,-39.35882,-48.37467,-54.92185,0,,
2023-05-31 14:37,36.351193,127.349448,92.9,36.351051,127.349287,43,53.48461,-46.48,-47.41566705,-51.75661,-38.75661,,-39.59264,-48.60849,-55.15567,0,,
2023-05-31 14:37,36.35119,127.34946,94.3,36.351051,127.349287,43,54.90858,-45.19,-47.9269794,-51.98484,-38.98484,,-39.82087,-48.83672,-55.3839,0,,
2023-05-31 14:37,36.351185,127.349472,95.6,36.351051,127.349287,43,56.38226,-44.33,-48.42623992,-52.21489,-39.21489,,-40.05092,-49.06676,-55.61395,0,,
2023-05-31 14:37,36.351172,127.349478,96,36.351051,127.349287,43,56.42548,-45.99,-48.44045769,-52.22155,-39.22155,,-40.05758,-49.07342,-55.62061,0,,
2023-05-31 14:37,36.351149,127.349479,96,36.351051,127.349287,43,55.72733,-46.97,-48.20789434,-52.1134,-39.1134,,-39.94943,-48.96528,-55.51246,0,,
2023-05-31 14:37,36.351124,127.349479,96.1,36.351051,127.349287,43,55.54699,-46.27,-48.14679476,-52.08525,-39.08525,,-39.92128,-48.93713,-55.48431,0,,
2023-05-31 14:37,36.351098,127.349478,96.2,36.351051,127.349287,43,55.31269,-46.24,-48.06676601,-52.04853,-39.04853,,-39.88456,-48.90041,-55.44759,0,,
2023-05-31 14:37,36.351071,127.349478,96.2,36.351051,127.349287,43,55.12249,-47.5,-48.00125364,-52.01862,-39.01862,,-39.85464,-48.87049,-55.41768,0,,
2023-05-31 14:37,36.351044,127.349477,96.2,36.351051,127.349287,43,55.00839,-45.32,-47.96171467,-52.00062,-39.00062,,-39.83665,-48.85249,-55.39968,0,,
2023-05-31 14:37,36.351019,127.349474,96.3,36.351051,127.349287,43,55.21682,-44.78,-48.03380637,-52.03347,-39.03347,,-39.8695,-48.88534,-55.43253,0,,
2023-05-31 14:37,36.351003,127.34946,96.3,36.351051,127.349287,43,55.10973,-47.3,-47.99684086,-52.01661,-39.01661,,-39.85263,-48.86848,-55.41566,0,,
2023-05-31 14:37,36.350996,127.349434,96.4,36.351051,127.349287,43,54.44208,-52.38,-47.76276322,-51.91074,-38.91074,,-39.74677,-48.76261,-55.30979,0,,
2023-05-31 14:37,36.350993,127.349403,96.3,36.351051,127.349287,43,53.87243,-51.66,-47.55793257,-51.81937,-38.81937,,-39.6554,-48.67125,-55.21843,0,,
2023-05-31 14:37,36.350992,127.34937,96.1,36.351051,127.349287,43,53.19894,-56.68,-47.30936283,-51.7101,-38.7101,,-39.54613,-48.56197,-55.10916,0,,
2023-05-31 14:37,36.350993,127.349336,95.8,36.351051,127.349287,43,52.64879,-58.19,-47.1009001,-51.61981,-38.61981,,-39.45584,-48.47168,-55.01887,0,,
2023-05-31 14:37,36.350994,127.349302,95.6,36.351051,127.349287,43,52.29226,-31.65,-46.96308199,-51.56079,-38.56079,,-39.39682,-48.41266,-54.95985,0,,
2023-05-31 14:37,36.350994,127.349269,95.3,36.351051,127.349287,43,52.07753,-69.2,-46.87900967,-51.52505,-38.52505,,-39.36108,-48.37692,-54.92411,0,,
2023-05-31 14:37,36.350994,127.349236,95.2,36.351051,127.349287,43,51.87185,-62.49,-46.79771038,-51.49067,-38.49067,,-39.3267,-48.34255,-54.88973,0,,
2023-05-31 14:37,36.350994,127.349203,95.2,36.351051,127.349287,43,52.33886,-55.37,-46.98122013,-51.56852,-38.56852,,-39.40455,-48.4204,-54.96758,0,,
2023-05-31 14:37,36.350993,127.349169,95.2,36.351051,127.349287,43,52.84169,-53.24,-47.17456466,-51.65157,-38.65157,,-39.4876,-48.50345,-55.05063,0,,
2023-05-31 14:37,36.350993,127.349136,95.2,36.351051,127.349287,43,53.61069,-51.68,-47.46217358,-51.77707,-38.77707,,-39.6131,-48.62894,-55.17612,0,,
2023-05-31 14:37,36.350992,127.349105,95.2,36.351051,127.349287,43,54.25747,-48.55,-47.69691006,-51.88123,-38.88123,,-39.71726,-48.7331,-55.28029,0,,
2023-05-31 14:37,36.350985,127.349082,95.1,36.351051,127.349287,43,54.88637,-45.16,-47.91923107,-51.98133,-38.98133,,-39.81736,-48.83321,-55.38039,0,,
2023-05-31 14:37,36.350966,127.349072,95.2,36.351051,127.349287,43,55.7635,-46.56,-48.22009724,-52.11904,-39.11904,,-39.95507,-48.97092,-55.5181,0,,
2023-05-31 14:37,36.350941,127.349068,95.5,36.351051,127.349287,43,56.54915,-46.86,-48.48101242,-52.24056,-39.24056,,-40.07659,-49.09244,-55.63962,0,,
2023-05-31 14:37,36.350916,127.349068,95.7,36.351051,127.349287,43,57.48821,-47.16,-48.7829292,-52.38362,-39.38362,,-40.21965,-49.23549,-55.78268,0,,
2023-05-31 14:37,36.35089,127.349068,96,36.351051,127.349287,43,58.55648,-46.36,-49.11409347,-52.54354,-39.54354,,-40.37957,-49.39541,-55.9426,0,,
2023-05-31 14:37,36.350861,127.349068,96.1,36.351051,127.349287,43,59.67242,-46.35,-49.44705935,-52.70751,-39.70751,,-40.54354,-49.55939,-56.10657,0,,
2023-05-31 14:37,36.350834,127.349068,96.2,36.351051,127.349287,43,60.83496,-46.27,-49.78086779,-52.8751,-39.8751,,-40.71113,-49.72698,-56.27416,0,,
2023-05-31 14:37,36.35078,127.349068,96.3,36.351051,127.349287,43,63.37831,-44.73,-50.46928688,-53.23085,-40.23085,,-41.06688,-50.08273,-56.62991,0,,
2023-05-31 14:37,36.350754,127.349068,96.3,36.351051,127.349287,43,64.70201,-45.74,-50.80709261,-53.41039,-40.41039,,-41.24642,-50.26227,-56.80945,0,,
2023-05-31 14:37,36.350726,127.349067,96.3,36.351051,127.349287,43,66.31524,-47.52,-51.20177837,-53.62431,-40.62431,,-41.46033,-50.47618,-57.02337,0,,
2023-05-31 14:37,36.3507,127.349067,96.3,36.351051,127.349287,43,68.13419,-48.95,-51.62629052,-53.85934,-40.85934,,-41.69537,-50.71122,-57.2584,0,,
2023-05-31 14:37,36.350673,127.349067,96.3,36.351051,127.349287,43,69.63905,-47.24,-51.96246475,-54.0491,-41.0491,,-41.88512,-50.90097,-57.44815,0,,
2023-05-31 14:37,36.350646,127.349067,96.3,36.351051,127.349287,43,71.51379,-48.44,-52.36384768,-54.27983,-41.27983,,-42.11586,-51.13171,-57.67889,0,,
2023-05-31 14:37,36.350619,127.349067,96.2,36.351051,127.349287,43,73.29585,-47.93,-52.72892541,-54.49363,-41.49363,,-42.32966,-51.3455,-57.89268,0,,
2023-05-31 14:37,36.350592,127.349067,96.2,36.351051,127.349287,43,75.28326,-48.84,-53.11875369,-54.72601,-41.72601,,-42.56203,-51.57788,-58.12506,0,,
2023-05-31 14:37,36.350565,127.349067,96.2,36.351051,127.349287,43,77.20193,-50.34,-53.47919513,-54.9446,-41.9446,,-42.78063,-51.79648,-58.34366,0,,
2023-05-31 14:37,36.350538,127.349066,96.1,36.351051,127.349287,43,79.34751,-51.92,-53.86530487,-55.1827,-42.1827,,-43.01873,-52.03458,-58.58176,0,,
2023-05-31 14:37,36.35051,127.349065,96.1,36.351051,127.349287,43,81.2735,-54.22,-54.19785928,-55.39102,-42.39102,,-43.22705,-52.24289,-58.79008,0,,
2023-05-31 14:37,36.350483,127.349066,96.1,36.351051,127.349287,43,83.64735,-55.38,-54.59096548,-55.64108,-42.64108,,-43.47711,-52.49296,-59.04014,0,,
2023-05-31 14:37,36.350456,127.349067,96,36.351051,127.349287,43,85.67921,-56.66,-54.91386129,-55.84955,-42.84955,,-43.68558,-52.70142,-59.24861,0,,
2023-05-31 14:37,36.350428,127.349066,96,36.351051,127.349287,43,88.14829,-54,-55.29073895,-56.09632,-43.09632,,-43.93235,-52.94819,-59.49538,0,,
2023-05-31 14:37,36.350401,127.349066,96,36.351051,127.349287,43,90.53816,-52.62,-55.64058434,-56.32867,-43.32867,,-44.1647,-53.18055,-59.72773,0,,
2023-05-31 14:37,36.350373,127.349065,95.9,36.351051,127.349287,43,92.70029,-53.68,-55.94539099,-56.53366,-43.53366,,-44.36969,-53.38554,-59.93272,0,,
2023-05-31 14:37,36.350346,127.349065,95.9,36.351051,127.349287,43,95.28471,-53.25,-56.29622959,-56.7725,-43.7725,,-44.60853,-53.62438,-60.17156,0,,
2023-05-31 14:37,36.350319,127.349064,95.9,36.351051,127.349287,43,97.51952,-54.2,-56.58858692,-56.97387,-43.97387,,-44.8099,-53.82574,-60.37293,0,,
2023-05-31 14:37,36.350291,127.349064,95.8,36.351051,127.349287,43,100.1678,-55.84,-56.9227572,-57.2066,-44.2066,,-45.04263,-54.05848,-60.60566,0,,
2023-05-31 14:38,36.350265,127.349065,95.8,36.351051,127.349287,43,102.4654,-58.87,-57.20261388,-57.40359,-44.40359,,-45.23962,-54.25546,-60.80265,0,,
2023-05-31 14:38,36.350238,127.349065,95.8,36.351051,127.349287,43,104.9274,-55.79,-57.49281325,-57.60982,-44.60982,,-45.44585,-54.46169,-61.00887,0,,
2023-05-31 14:38,36.350211,127.349065,95.9,36.351051,127.349287,43,107.397,-70.63,-57.77448254,-57.81189,-44.81189,,-45.64791,-54.66376,-61.21095,0,,
2023-05-31 14:38,36.350184,127.349065,95.9,36.351051,127.349287,43,110.1433,-56.1,-58.07734442,-58.0312,-45.0312,,-45.86723,-54.88308,-61.43026,0,,
2023-05-31 14:38,36.350157,127.349064,95.9,36.351051,127.349287,43,112.6572,-85.16,-58.34561379,-58.22722,-45.22722,,-46.06325,-55.07909,-61.62628,0,,
2023-05-31 14:38,36.350129,127.349064,95.9,36.351051,127.349287,43,115.0698,-67.55,-58.59550824,-58.41126,-45.41126,,-46.24729,-55.26314,-61.81033,0,,
2023-05-31 14:38,36.350102,127.349064,95.9,36.351051,127.349287,43,117.8712,-65.22,-58.87693115,-58.62019,-45.62019,,-46.45622,-55.47206,-62.01925,0,,
2023-05-31 14:38,36.350076,127.349064,95.9,36.351051,127.349287,43,120.3234,-62.56,-59.11600554,-58.79904,-45.79904,,-46.63507,-55.65091,-62.1981,0,,
2023-05-31 14:38,36.350049,127.349064,95.9,36.351051,127.349287,43,123.0155,-63.84,-59.3711065,-58.99123,-45.99123,,-46.82726,-55.84311,-62.39029,0,,
2023-05-31 14:38,36.350022,127.349063,95.9,36.351051,127.349287,43,125.7394,-62.18,-59.62181403,-59.18147,-46.18147,,-47.01749,-56.03334,-62.58052,0,,
2023-05-31 14:38,36.349995,127.349064,95.8,36.351051,127.349287,43,128.2386,-62.03,-59.84564329,-59.35242,-46.35242,,-47.18845,-56.20429,-62.75148,0,,
2023-05-31 14:38,36.349969,127.349063,95.8,36.351051,127.349287,43,130.8761,-66.88,-60.07576567,-59.52925,-46.52925,,-47.36528,-56.38112,-62.92831,0,,
2023-05-31 14:38,36.349942,127.349063,95.8,36.351051,127.349287,43,133.4878,-64.31,-60.29778309,-59.70087,-46.70087,,-47.5369,-56.55275,-63.09993,0,,
2023-05-31 14:38,36.349915,127.349062,95.8,36.351051,127.349287,43,136.2619,-65.24,-60.52755154,-59.87953,-46.87953,,-47.71556,-56.7314,-63.27859,0,,
2023-05-31 14:38,36.349888,127.349062,95.8,36.351051,127.349287,43,138.936,-62.31,-60.74342849,-60.04834,-47.04834,,-47.88437,-56.90021,-63.4474,0,,
2023-05-31 14:38,36.349861,127.349061,95.8,36.351051,127.349287,43,141.7318,-62.77,-60.96353591,-60.22138,-47.22138,,-48.05741,-57.07326,-63.62044,0,,
2023-05-31 14:38,36.349834,127.349062,95.8,36.351051,127.349287,43,144.4293,-62.97,-61.17074482,-60.38515,-47.38515,,-48.22118,-57.23702,-63.78421,0,,
2023-05-31 14:38,36.349807,127.349062,95.8,36.351051,127.349287,43,147.0802,-63.54,-61.36966911,-60.54313,-47.54313,,-48.37916,-57.395,-63.94218,0,,
2023-05-31 14:38,36.34978,127.349062,95.9,36.351051,127.349287,43,150.0234,-63.26,-61.5853185,-60.71522,-47.71522,,-48.55125,-57.56709,-64.11427,0,,
2023-05-31 14:38,36.349754,127.349062,95.9,36.351051,127.349287,43,152.4594,-65.12,-61.75984254,-60.85513,-47.85513,,-48.69115,-57.707,-64.25419,0,,
2023-05-31 14:38,36.349726,127.349062,95.9,36.351051,127.349287,43,155.4172,-63.78,-61.96714201,-61.02202,-48.02202,,-48.85805,-57.87389,-64.42108,0,,
2023-05-31 14:38,36.349673,127.349061,95.9,36.351051,127.349287,43,160.8878,-62.97,-62.33798336,-61.3225,-48.3225,,-49.15853,-58.17437,-64.72156,0,,
2023-05-31 14:38,36.349647,127.349061,95.9,36.351051,127.349287,43,163.4714,-70.64,-62.50776432,-61.46088,-48.46088,,-49.29691,-58.31275,-64.85994,0,,
2023-05-31 14:38,36.34962,127.34906,95.9,36.351051,127.349287,43,166.334,-67.28,-62.69208354,-61.61166,-48.61166,,-49.44769,-58.46354,-65.01072,0,,
2023-05-31 14:38,36.349594,127.349059,95.9,36.351051,127.349287,43,168.8069,-69.01,-62.8482211,-61.73984,-48.73984,,-49.57587,-58.59172,-65.1389,0,,
2023-05-31 14:38,36.349568,127.349059,95.9,36.351051,127.349287,43,171.8014,-68.6,-63.03361037,-61.89257,-48.89257,,-49.7286,-58.74445,-65.29163,0,,
2023-05-31 14:38,36.349541,127.349059,95.9,36.351051,127.349287,43,174.4632,-70.23,-63.19514461,-62.02612,-49.02612,,-49.86214,-58.87799,-65.42517,0,,
2023-05-31 14:38,36.349514,127.349059,95.9,36.351051,127.349287,43,177.167,-76.02,-63.35620874,-62.15969,-49.15969,,-49.99572,-59.01157,-65.55875,0,,
2023-05-31 14:38,36.349487,127.349059,95.9,36.351051,127.349287,43,179.9608,-71.97,-63.51955497,-62.2956,-49.2956,,-50.13163,-59.14748,-65.69466,0,,
2023-05-31 14:38,36.34946,127.349059,96,36.351051,127.349287,43,182.9747,-76.48,-63.6923922,-62.43986,-49.43986,,-50.27589,-59.29174,-65.83892,0,,
2023-05-31 14:38,36.349432,127.349059,95.9,36.351051,127.349287,43,185.8719,-70.25,-63.85535659,-62.57631,-49.57631,,-50.41234,-59.42819,-65.97537,0,,
2023-05-31 14:38,36.349405,127.349059,95.9,36.351051,127.349287,43,188.5613,-66.52,-64.00394396,-62.70109,-49.70109,,-50.53712,-59.55297,-66.10015,0,,
2023-05-31 14:38,36.349378,127.349058,95.9,36.351051,127.349287,43,191.5877,-41.56,-64.16816599,-62.83939,-49.83939,,-50.67542,-59.69127,-66.23845,0,,
2023-05-31 14:38,36.34935,127.349058,95.9,36.351051,127.349287,43,194.4974,-73.58,-64.32318076,-62.97032,-49.97032,,-50.80635,-59.82219,-66.36938,0,,
2023-05-31 14:38,36.349323,127.349058,95.9,36.351051,127.349287,43,197.3214,-70.83,-64.47102979,-63.09553,-50.09553,,-50.93156,-59.9474,-66.49458,0,,
2023-05-31 14:38,36.349296,127.349058,95.9,36.351051,127.349287,43,200.0491,-66.75,-64.61148675,-63.21478,-50.21478,,-51.0508,-60.06665,-66.61383,0,,
2023-05-31 14:38,36.349271,127.349059,95.9,36.351051,127.349287,43,202.6906,-74.46,-64.74537397,-63.32871,-50.32871,,-51.16474,-60.18059,-66.72778,0,,
2023-05-31 14:38,36.349254,127.34907,95.8,36.351051,127.349287,43,204.5243,-71.98,-64.8371181,-63.40694,-50.40694,,-51.24297,-60.25882,-66.806,0,,
2023-05-31 14:38,36.349247,127.349095,95.8,36.351051,127.349287,43,204.7525,-64.3,-64.84846795,-63.41663,-50.41663,,-51.25266,-60.2685,-66.81568,0,,
2023-05-31 14:38,36.349245,127.349124,95.8,36.351051,127.349287,43,205.0107,-63.13,-64.86129204,-63.42757,-50.42757,,-51.2636,-60.27944,-66.82663,0,,
2023-05-31 14:38,36.349244,127.349156,95.6,36.351051,127.349287,43,204.899,-62.07,-64.85574653,-63.42284,-50.42284,,-51.25887,-60.27471,-66.8219,0,,
2023-05-31 14:38,36.349244,127.349191,95.5,36.351051,127.349287,43,204.5713,-64.28,-64.83945692,-63.40893,-50.40893,,-51.24496,-60.26081,-66.80799,0,,
2023-05-31 14:38,36.349245,127.349225,95.5,36.351051,127.349287,43,204.351,-61.79,-64.82848885,-63.39957,-50.39957,,-51.2356,-60.25145,-66.79863,0,,
2023-05-31 14:38,36.349246,127.349259,95.5,36.351051,127.349287,43,204.118,-55.63,-64.8168734,-63.38966,-50.38966,,-51.22569,-60.24154,-66.78873,0,,
2023-05-31 14:38,36.349247,127.349292,95.5,36.351051,127.349287,43,203.9785,-61.8,-64.80991164,-63.38373,-50.38373,,-51.21976,-60.2356,-66.78278,0,,
2023-05-31 14:38,36.349248,127.349324,95.5,36.351051,127.349287,43,204.2126,-63.41,-64.82159125,-63.39369,-50.39369,,-51.22972,-60.24556,-66.79275,0,,
2023-05-31 14:38,36.349248,127.349358,95.4,36.351051,127.349287,43,203.9681,-62.34,-64.80939241,-63.38329,-50.38329,,-51.21932,-60.23516,-66.78235,0,,
2023-05-31 14:38,36.349248,127.349391,95.4,36.351051,127.349287,43,204.2849,-63.95,-64.82519523,-63.39676,-50.39676,,-51.23279,-60.24864,-66.79582,0,,
2023-05-31 14:38,36.349249,127.349424,95.4,36.351051,127.349287,43,204.3053,-47.38,-64.82621185,-63.39763,-50.39763,,-51.23366,-60.24951,-66.79669,0,,
2023-05-31 14:38,36.349249,127.349456,95.3,36.351051,127.349287,43,204.3647,-63.29,-64.82917134,-63.40016,-50.40016,,-51.23619,-60.25203,-66.79922,0,,
2023-05-31 14:38,36.349253,127.349484,95.2,36.351051,127.349287,43,204.1065,-64.58,-64.8162997,-63.38917,-50.38917,,-51.2252,-60.24105,-66.78823,0,,
2023-05-31 14:38,36.349269,127.349498,95.1,36.351051,127.349287,43,202.452,-70.02,-64.73336471,-63.31848,-50.31848,,-51.15451,-60.17036,-66.71754,0,,
2023-05-31 14:38,36.349293,127.349502,95.1,36.351051,127.349287,43,199.9235,-39.17,-64.6050689,-63.20931,-50.20931,,-51.04534,-60.06119,-66.60838,0,,
2023-05-31 14:38,36.349319,127.349504,95.3,36.351051,127.349287,43,197.4029,-60.07,-64.47525954,-63.09911,-50.09911,,-50.93514,-59.95099,-66.49817,0,,
2023-05-31 14:38,36.349346,127.349505,95.7,36.351051,127.349287,43,194.6781,-61.51,-64.33271695,-62.97838,-49.97838,,-50.81441,-59.83026,-66.37744,0,,
2023-05-31 14:38,36.349374,127.349505,96,36.351051,127.349287,43,191.9796,-63.24,-64.18920644,-62.85714,-49.85714,,-50.69317,-59.70901,-66.2562,0,,
2023-05-31 14:38,36.349402,127.349505,96.3,36.351051,127.349287,43,188.9302,-60.56,-64.0241286,-62.71807,-49.71807,,-50.5541,-59.56994,-66.11713,0,,
2023-05-31 14:38,36.34943,127.349505,96.5,36.351051,127.349287,43,185.8858,-63.03,-63.85613112,-62.57696,-49.57696,,-50.41299,-59.42884,-65.97602,0,,
2023-05-31 14:38,36.349458,127.349505,96.7,36.351051,127.349287,43,183.2062,-49.73,-63.70552682,-62.45084,-49.45084,,-50.28687,-59.30272,-65.8499,0,,
2023-05-31 14:39,36.349485,127.349506,96.8,36.351051,127.349287,43,180.533,-52.85,-63.55263434,-62.32317,-49.32317,,-50.1592,-59.17505,-65.72224,0,,
2023-05-31 14:39,36.349512,127.349508,96.8,36.351051,127.349287,43,177.6913,-64.37,-63.38709826,-62.18536,-49.18536,,-50.02139,-59.03724,-65.58443,0,,
2023-05-31 14:39,36.34954,127.349509,96.9,36.351051,127.349287,43,174.8559,-62.67,-63.21872378,-62.04565,-49.04565,,-49.88168,-58.89752,-65.4447,0,,
2023-05-31 14:39,36.349567,127.34951,96.8,36.351051,127.349287,43,171.8491,-66.68,-63.03653169,-61.89499,-48.89499,,-49.73101,-58.74686,-65.29404,0,,
2023-05-31 14:39,36.349595,127.349512,96.8,36.351051,127.349287,43,169.0262,-67.26,-62.86193305,-61.75112,-48.75112,,-49.58715,-58.60299,-65.15018,0,,
2023-05-31 14:39,36.349622,127.349513,96.7,36.351051,127.349287,43,166.3845,-61.96,-62.69530032,-61.6143,-48.6143,,-49.45033,-58.46617,-65.01335,0,,
2023-05-31 14:39,36.349649,127.349513,96.7,36.351051,127.349287,43,163.3934,-65.2,-62.50268684,-61.45673,-48.45673,,-49.29276,-58.3086,-64.85579,0,,
2023-05-31 14:39,36.349676,127.349514,96.6,36.351051,127.349287,43,160.9382,-62.22,-62.34132733,-61.32522,-48.32522,,-49.16125,-58.1771,-64.72428,0,,
2023-05-31 14:39,36.349703,127.349514,96.5,36.351051,127.349287,43,157.9585,-62.65,-62.14138281,-61.1629,-48.1629,,-48.99893,-58.01478,-64.56196,0,,
2023-05-31 14:39,36.34973,127.349515,96.5,36.351051,127.349287,43,155.1699,-60.63,-61.94999811,-61.00819,-48.00819,,-48.84422,-57.86007,-64.40725,0,,
2023-05-31 14:39,36.349758,127.349516,96.5,36.351051,127.349287,43,152.2043,-54.46,-61.74172975,-60.84058,-47.84058,,-48.67661,-57.69245,-64.23964,0,,
2023-05-31 14:39,36.349786,127.349516,96.5,36.351051,127.349287,43,149.4331,-58.38,-61.5424941,-60.68098,-47.68098,,-48.51701,-57.53285,-64.08003,0,,
2023-05-31 14:39,36.349813,127.349517,96.5,36.351051,127.349287,43,146.8502,-58.86,-61.3525892,-60.52953,-47.52953,,-48.36556,-57.38141,-63.92859,0,,
2023-05-31 14:39,36.34984,127.349517,96.5,36.351051,127.349287,43,143.9099,-58.26,-61.13122941,-60.35386,-47.35386,,-48.18988,-57.20573,-63.75291,0,,
2023-05-31 14:39,36.349867,127.349518,96.6,36.351051,127.349287,43,141.3488,-57.41,-60.93371082,-60.19788,-47.19788,,-48.03391,-57.04976,-63.59694,0,,
2023-05-31 14:39,36.349894,127.349518,96.6,36.351051,127.349287,43,138.777,-58.67,-60.73074154,-60.03839,-47.03839,,-47.87442,-56.89027,-63.43745,0,,
2023-05-31 14:39,36.349921,127.349518,96.6,36.351051,127.349287,43,136.0446,-60.12,-60.50977117,-59.86566,-46.86566,,-47.70169,-56.71754,-63.26472,0,,
2023-05-31 14:39,36.349947,127.349518,96.6,36.351051,127.349287,43,133.3391,-50.1,-60.2852935,-59.69119,-46.69119,,-47.52722,-56.54307,-63.09025,0,,
2023-05-31 14:39,36.349974,127.349519,96.6,36.351051,127.349287,43,130.9771,-62.31,-60.08445788,-59.53595,-46.53595,,-47.37197,-56.38782,-62.93501,0,,
2023-05-31 14:39,36.350001,127.349519,96.6,36.351051,127.349287,43,128.0992,-57.36,-59.83330931,-59.34297,-46.34297,,-47.179,-56.19485,-62.74203,0,,
2023-05-31 14:39,36.350028,127.34952,96.6,36.351051,127.349287,43,125.4348,-53.11,-59.59413535,-59.1604,-46.1604,,-46.99643,-56.01228,-62.55946,0,,
2023-05-31 14:39,36.350055,127.34952,96.6,36.351051,127.349287,43,122.9686,-48.83,-59.36672582,-58.98792,-45.98792,,-46.82395,-55.8398,-62.38698,0,,
2023-05-31 14:39,36.350081,127.349521,96.7,36.351051,127.349287,43,120.2723,-61.67,-59.11109016,-58.79535,-45.79535,,-46.63138,-55.64723,-62.19441,0,,
2023-05-31 14:39,36.350108,127.349521,96.7,36.351051,127.349287,43,117.8389,-57.23,-58.87373777,-58.61782,-45.61782,,-46.45385,-55.46969,-62.01688,0,,
2023-05-31 14:39,36.350135,127.349521,96.7,36.351051,127.349287,43,115.244,-60.26,-58.61327641,-58.42441,-45.42441,,-46.26044,-55.27629,-61.82347,0,,
2023-05-31 14:39,36.350162,127.349522,96.7,36.351051,127.349287,43,112.4606,-54.95,-58.32492981,-58.21205,-45.21205,,-46.04808,-55.06392,-61.61111,0,,
2023-05-31 14:39,36.350189,127.349523,96.7,36.351051,127.349287,43,110.2152,-47.35,-58.08513341,-58.03687,-45.03687,,-45.8729,-54.88875,-61.43593,0,,
2023-05-31 14:39,36.350216,127.349523,96.7,36.351051,127.349287,43,107.6839,-52.6,-57.80662041,-57.83505,-44.83505,,-45.67108,-54.68693,-61.23412,0,,
2023-05-31 14:39,36.350243,127.349524,96.6,36.351051,127.349287,43,104.9627,-48.13,-57.49690441,-57.61273,-44.61273,,-45.44876,-54.46461,-61.0118,0,,
2023-05-31 14:39,36.350271,127.349525,96.7,36.351051,127.349287,43,102.667,-55.72,-57.22674462,-57.42066,-44.42066,,-45.25669,-54.27253,-60.81972,0,,
2023-05-31 14:39,36.350298,127.349525,96.7,36.351051,127.349287,43,100.2183,-50.38,-56.92900622,-57.21098,-44.21098,,-45.04701,-54.06286,-60.61004,0,,
2023-05-31 14:39,36.350325,127.349526,96.7,36.351051,127.349287,43,97.57913,-31.61,-56.59625193,-56.97918,-43.97918,,-44.81521,-53.83105,-60.37824,0,,
2023-05-31 14:39,36.350352,127.349526,96.7,36.351051,127.349287,43,95.47593,-69.96,-56.32163351,-56.78992,-43.78992,,-44.62595,-53.64179,-60.18898,0,,
2023-05-31 14:39,36.350379,127.349527,96.7,36.351051,127.349287,43,93.12418,-63.84,-56.00391499,-56.57329,-43.57329,,-44.40932,-53.42516,-59.97235,0,,
2023-05-31 14:39,36.350406,127.349528,96.7,36.351051,127.349287,43,90.58269,-52.49,-55.64697106,-56.33294,-43.33294,,-44.16897,-53.18482,-59.732,0,,
2023-05-31 14:39,36.350433,127.34953,96.6,36.351051,127.349287,43,88.31197,-47.78,-55.31515428,-56.11243,-43.11243,,-43.94846,-52.96431,-59.51149,0,,
2023-05-31 14:39,36.350461,127.34953,96.5,36.351051,127.349287,43,86.10934,-61.36,-54.9807032,-55.89304,-42.89304,,-43.72907,-52.74492,-59.2921,0,,
2023-05-31 14:39,36.350487,127.349531,96.5,36.351051,127.349287,43,83.92546,-65.97,-54.63587717,-55.66991,-42.66991,,-43.50594,-52.52179,-59.06897,0,,
2023-05-31 14:39,36.350515,127.349532,96.5,36.351051,127.349287,43,81.79564,-63.5,-54.28586407,-55.44664,-42.44664,,-43.28267,-52.29852,-58.8457,0,,
2023-05-31 14:39,36.350543,127.349533,96.6,36.351051,127.349287,43,79.7242,-46.1,-53.93135609,-55.22384,-42.22384,,-43.05987,-52.07572,-58.6229,0,,
2023-05-31 14:39,36.350571,127.349534,96.7,36.351051,127.349287,43,77.65064,-59.07,-53.56137476,-54.99494,-41.99494,,-42.83097,-51.84682,-58.394,0,,
2023-05-31 14:39,36.350598,127.349535,96.7,36.351051,127.349287,43,75.7062,-59.89,-53.19950231,-54.77467,-41.77467,,-42.6107,-51.62654,-58.17373,0,,
2023-05-31 14:39,36.350626,127.349536,96.7,36.351051,127.349287,43,73.83504,-50.67,-52.83642814,-54.55729,-41.55729,,-42.39332,-51.40916,-57.95635,0,,
2023-05-31 14:39,36.350654,127.349537,96.7,36.351051,127.349287,43,72.04288,-57.66,-52.47384916,-54.34386,-41.34386,,-42.17989,-51.19574,-57.74292,0,,
2023-05-31 14:39,36.350681,127.349538,96.6,36.351051,127.349287,43,70.08267,-55.42,-52.05913286,-54.10425,-41.10425,,-41.94028,-50.95613,-57.50331,0,,
2023-05-31 14:39,36.350708,127.349538,96.6,36.351051,127.349287,43,68.63538,-52.6,-51.73970376,-53.923,-40.923,,-41.75903,-50.77488,-57.32206,0,,
2023-05-31 14:39,36.350735,127.349539,96.6,36.351051,127.349287,43,66.84129,-49.32,-51.32669657,-53.69294,-40.69294,,-41.52896,-50.54481,-57.092,0,,
2023-05-31 14:39,36.350763,127.34954,96.6,36.351051,127.349287,43,65.41045,-51.67,-50.98262892,-53.50498,-40.50498,,-41.34101,-50.35686,-56.90404,0,,
2023-05-31 14:39,36.350791,127.34954,96.6,36.351051,127.349287,43,64.09115,-51.1,-50.65283303,-53.328,-40.328,,-41.16403,-50.17988,-56.72706,0,,
2023-05-31 14:39,36.350817,127.349541,96.5,36.351051,127.349287,43,62.63266,-49.35,-50.27304952,-53.12806,-40.12806,,-40.96408,-49.97993,-56.52711,0,,
2023-05-31 14:39,36.350844,127.349541,96.4,36.351051,127.349287,43,61.64574,-48.88,-50.00630511,-52.9901,-39.9901,,-40.82613,-49.84198,-56.38916,0,,
2023-05-31 14:39,36.35087,127.349541,96.3,36.351051,127.349287,43,60.42822,-48.32,-49.66553095,-52.81683,-39.81683,,-40.65286,-49.66871,-56.21589,0,,
2023-05-31 14:39,36.350897,127.349542,96.2,36.351051,127.349287,43,59.51586,-48.89,-49.40110883,-52.68469,-39.68469,,-40.52072,-49.53657,-56.08375,0,,
2023-05-31 14:39,36.350924,127.349544,96.2,36.351051,127.349287,43,58.82489,-47.83,-49.19535317,-52.58326,-39.58326,,-40.41929,-49.43514,-55.98232,0,,
2023-05-31 14:39,36.350952,127.349545,96.1,36.351051,127.349287,43,58.03288,-47.71,-48.95335436,-52.46552,-39.46552,,-40.30155,-49.3174,-55.86458,0,,
2023-05-31 14:39,36.350979,127.349545,96.1,36.351051,127.349287,43,57.77296,-50.61,-48.87244337,-52.42653,-39.42653,,-40.26256,-49.27841,-55.82559,0,,
2023-05-31 14:39,36.350999,127.349538,96.1,36.351051,127.349287,43,57.00499,-48.51,-48.62888042,-52.3103,-39.3103,,-40.14633,-49.16217,-55.70936,0,,
2023-05-31 14:39,36.351008,127.349517,96.1,36.351051,127.349287,43,56.24072,-46.98,-48.37951494,-52.19305,-39.19305,,-40.02908,-49.04493,-55.59211,0,,
2023-05-31 14:39,36.351011,127.349487,95.9,36.351051,127.349287,43,55.30421,-48.62,-48.06385566,-52.0472,-39.0472,,-39.88323,-48.89908,-55.44627,0,,
2023-05-31 14:39,36.351012,127.349455,95.6,36.351051,127.349287,43,54.0835,-49.83,-47.63439204,-51.85334,-38.85334,,-39.68937,-48.70521,-55.2524,0,,
2023-05-31 14:40,36.351012,127.349422,95.3,36.351051,127.349287,43,53.15045,-47.86,-47.29118875,-51.70218,-38.70218,,-39.53821,-48.55405,-55.10124,0,,
2023-05-31 14:40,36.351011,127.349388,95.2,36.351051,127.349287,43,52.37468,-49.18,-46.99513666,-51.57447,-38.57447,,-39.4105,-48.42634,-54.97353,0,,
2023-05-31 14:40,36.351009,127.349355,95,36.351051,127.349287,43,51.77052,-46.62,-46.75737605,-51.47369,-38.47369,,-39.30972,-48.32557,-54.87275,0,,
2023-05-31 14:40,36.351008,127.349321,95,36.351051,127.349287,43,51.67352,-68.06,-46.71858902,-51.4574,-38.4574,,-39.29343,-48.30928,-54.85646,0,,
2023-05-31 14:40,36.351007,127.349286,94.9,36.351051,127.349287,43,51.41427,-69.51,-46.61406548,-51.41371,-38.41371,,-39.24974,-48.26559,-54.81277,0,,
2023-05-31 14:40,36.351006,127.349253,94.9,36.351051,127.349287,43,51.49446,-66.02,-46.64653078,-51.42725,-38.42725,,-39.26328,-48.27913,-54.82631,0,,
2023-05-31 14:40,36.351005,127.349219,94.9,36.351051,127.349287,43,51.88541,-56.92,-46.80309374,-51.49294,-38.49294,,-39.32897,-48.34482,-54.892,0,,
2023-05-31 14:40,36.351004,127.349185,94.9,36.351051,127.349287,43,52.31019,-36.63,-46.97006538,-51.56377,-38.56377,,-39.3998,-48.41564,-54.96283,0,,
2023-05-31 14:40,36.351003,127.349151,95,36.351051,127.349287,43,52.85765,-28.01,-47.18063157,-51.6542,-38.6542,,-39.49023,-48.50607,-55.05326,0,,
2023-05-31 14:40,36.351002,127.349117,95,36.351051,127.349287,43,53.61157,-45.85,-47.46249731,-51.77721,-38.77721,,-39.61324,-48.62909,-55.17627,0,,
2023-05-31 14:40,36.351001,127.349085,95.1,36.351051,127.349287,43,54.59859,-43.94,-47.81820428,-51.93567,-38.93567,,-39.7717,-48.78754,-55.33473,0,,
2023-05-31 14:40,36.351,127.349065,95.1,36.351051,127.349287,43,55.30591,-42.72,-48.06443918,-52.04747,-39.04747,,-39.8835,-48.89935,-55.44653,0,,
2023-05-31 14:40,36.351,127.349058,95.2,36.351051,127.349287,43,55.50731,-50.91,-48.13329321,-52.07904,-39.07904,,-39.91507,-48.93092,-55.4781,0,,
2023-05-31 14:40,36.351,127.349055,95.3,36.351051,127.349287,43,55.77106,-50.43,-48.22264564,-52.12022,-39.12022,,-39.95625,-48.97209,-55.51928,0,,
2023-05-31 14:40,36.351,127.349055,95.2,36.351051,127.349287,43,55.71135,-49.46,-48.20249761,-52.11091,-39.11091,,-39.94694,-48.96279,-55.50997,0,,
2023-05-31 14:40,36.35101,127.349057,95.1,36.351051,127.349287,43,55.56471,-46.48,-48.15281741,-52.08802,-39.08802,,-39.92405,-48.9399,-55.48708,0,,
2023-05-31 14:40,36.351029,127.349061,95.2,36.351051,127.349287,43,55.23804,-50.57,-48.04111249,-52.0368,-39.0368,,-39.87283,-48.88868,-55.43586,0,,
2023-05-31 14:40,36.351053,127.349066,95.3,36.351051,127.349287,43,55.01521,-53.02,-47.96408306,-52.00169,-39.00169,,-39.83772,-48.85357,-55.40076,0,,
2023-05-31 14:40,36.351078,127.349071,95.3,36.351051,127.349287,43,55.10802,-51.13,-47.99624932,-52.01634,-39.01634,,-39.85237,-48.86821,-55.4154,0,,
2023-05-31 14:40,36.351104,127.349078,95.3,36.351051,127.349287,43,55.16245,-50.68,-48.0150585,-52.02491,-39.02491,,-39.86094,-48.87679,-55.42397,0,,
2023-05-31 14:40,36.35113,127.349084,95.3,36.351051,127.349287,43,55.33557,-50.37,-48.07461359,-52.05213,-39.05213,,-39.88816,-48.904,-55.45119,0,,
2023-05-31 14:40,36.351156,127.349091,95.2,36.351051,127.349287,43,55.46337,-46.11,-48.11831761,-52.07217,-39.07217,,-39.9082,-48.92404,-55.47123,0,,
2023-05-31 14:40,36.351183,127.349097,95.2,36.351051,127.349287,43,56.20568,-49.54,-48.36790867,-52.18764,-39.18764,,-40.02367,-49.03952,-55.5867,0,,
2023-05-31 14:40,36.35121,127.349104,95.3,36.351051,127.349287,43,56.86582,-44.45,-48.58400201,-52.28907,-39.28907,,-40.1251,-49.14094,-55.68813,0,,
2023-05-31 14:40,36.351236,127.349109,95.4,36.351051,127.349287,43,57.61286,-47.14,-48.82222782,-52.40243,-39.40243,,-40.23846,-49.2543,-55.80149,0,,
2023-05-31 14:40,36.351262,127.349115,95.5,36.351051,127.349287,43,58.73236,-48.92,-49.16742599,-52.56959,-39.56959,,-40.40562,-49.42146,-55.96865,0,,
2023-05-31 14:40,36.351285,127.34912,95.5,36.351051,127.349287,43,59.71248,-49.56,-49.45877805,-52.71334,-39.71334,,-40.54937,-49.56522,-56.1124,0,,
2023-05-31 14:40,36.351298,127.349123,95.5,36.351051,127.349287,43,60.18331,-47.45,-49.59533728,-52.78156,-39.78156,,-40.61759,-49.63343,-56.18062,0,,
2023-05-31 14:40,36.351301,127.349124,95.5,36.351051,127.349287,43,60.30161,-47.1,-49.62931409,-52.79862,-39.79862,,-40.63465,-49.65049,-56.19768,0,,
2023-05-31 14:40,36.351302,127.349125,95.5,36.351051,127.349287,43,60.42278,-45.28,-49.66397794,-52.81605,-39.81605,,-40.65208,-49.66793,-56.21511,0,,
2023-05-31 14:40,36.351302,127.349125,95.6,36.351051,127.349287,43,60.56926,-47.97,-49.70569851,-52.83709,-39.83709,,-40.67311,-49.68896,-56.23615,0,,
2023-05-31 14:40,36.3513,127.349125,95.7,36.351051,127.349287,43,60.3226,-45.56,-49.63532874,-52.80164,-39.80164,,-40.63767,-49.65351,-56.2007,0,,
2023-05-31 14:40,36.351299,127.349124,95.9,36.351051,127.349287,43,60.73778,-48.62,-49.75344996,-52.86122,-39.86122,,-40.69725,-49.71309,-56.26028,0,,
2023-05-31 14:40,36.351299,127.349123,96,36.351051,127.349287,43,60.73778,-48.47,-49.75344996,-52.86122,-39.86122,,-40.69725,-49.71309,-56.26028,0,,
2023-05-31 14:40,36.351298,127.349123,95.8,36.351051,127.349287,43,60.47087,-47.91,-49.67769709,-52.82296,-39.82296,,-40.65899,-49.67484,-56.22202,0,,
2023-05-31 14:40,36.351298,127.349124,94.7,36.351051,127.349287,43,59.5993,-46.85,-49.42562881,-52.69686,-39.69686,,-40.53289,-49.54874,-56.09592,0,,
2023-05-31 14:40,36.351299,127.349124,93.1,36.351051,127.349287,43,58.17329,-46.23,-48.99675131,-52.48651,-39.48651,,-40.32254,-49.33839,-55.88557,0,,
2023-05-31 14:40,36.351299,127.349124,91.7,36.351051,127.349287,43,56.88972,-47.95,-48.5917256,-52.29272,-39.29272,,-40.12875,-49.14459,-55.69178,0,,
2023-05-31 14:40,36.351299,127.349124,90.2,36.351051,127.349287,43,55.90122,-45.35,-48.26640441,-52.14046,-39.14046,,-39.97649,-48.99234,-55.53952,0,,
2023-05-31 14:40,36.351299,127.349125,88.6,36.351051,127.349287,43,54.65096,-47.04,-47.83667674,-51.94399,-38.94399,,-39.78002,-48.79587,-55.34305,0,,
2023-05-31 14:40,36.351299,127.349126,87.2,36.351051,127.349287,43,53.41005,-44.67,-47.38804683,-51.7445,-38.7445,,-39.58053,-48.59637,-55.14356,0,,
2023-05-31 14:40,36.351299,127.349126,85.7,36.351051,127.349287,43,52.18186,-46.09,-46.9199592,-51.54243,-38.54243,,-39.37846,-48.39431,-54.94149,0,,
2023-05-31 14:40,36.351298,127.349125,84.2,36.351051,127.349287,43,50.96547,-47.91,-46.43009206,-51.33756,-38.33756,,-39.17359,-48.18944,-54.73662,0,,
2023-05-31 14:40,36.351298,127.349124,82.8,36.351051,127.349287,43,49.76082,-49.09,-45.91609924,-51.12979,-38.12979,,-38.96582,-47.98167,-54.52885,0,,
2023-05-31 14:40,36.351297,127.349123,81.4,36.351051,127.349287,43,48.58517,-41.82,-45.38333076,-50.92211,-37.92211,,-38.75814,-47.77399,-54.32117,0,,
2023-05-31 14:40,36.351298,127.349123,80,36.351051,127.349287,43,47.81476,-47.25,-45.01559952,-50.78328,-37.78328,,-38.61931,-47.63515,-54.18234,0,,
2023-05-31 14:40,36.351298,127.349124,78.5,36.351051,127.349287,43,46.53162,-50.19,-44.36630828,-50.547,-37.547,,-38.38303,-47.39888,-53.94606,0,,
2023-05-31 14:40,36.351298,127.349124,77,36.351051,127.349287,43,45.42107,-42.64,-43.76229017,-50.33719,-37.33719,,-38.17322,-47.18906,-53.73625,0,,
2023-05-31 14:40,36.351298,127.349124,75.5,36.351051,127.349287,43,44.30069,-50.03,-43.10713985,-50.12025,-37.12025,,-37.95628,-46.97212,-53.51931,0,,
2023-05-31 14:40,36.351297,127.349124,74.1,36.351051,127.349287,43,43.19899,-56.43,-42.410814,-49.90151,-36.90151,,-37.73754,-46.75339,-53.30057,0,,
2023-05-31 14:40,36.351297,127.349123,72.6,36.351051,127.349287,43,42.45013,-57.32,-41.90347772,-49.74962,-36.74962,,-37.58565,-46.60149,-53.14868,0,,
2023-05-31 14:40,36.351298,127.349123,71.2,36.351051,127.349287,43,41.49956,-53.28,-41.21362447,-49.55291,-36.55291,,-37.38894,-46.40479,-52.95197,0,,
2023-05-31 14:40,36.351298,127.349123,69.7,36.351051,127.349287,43,40.36673,-53.68,-40.31283575,-49.31251,-36.31251,,-37.14854,-46.16439,-52.71157,0,,
2023-05-31 14:40,36.351299,127.349123,68.3,36.351051,127.349287,43,39.71569,-48.99,-39.74947299,-49.17128,-36.17128,,-37.00731,-46.02316,-52.57034,0,,
2023-05-31 14:40,36.351299,127.349123,66.8,36.351051,127.349287,43,38.74524,-53.63,-38.83543465,-48.95641,-35.95641,,-36.79243,-45.80828,-52.35546,0,,
2023-05-31 14:40,36.351299,127.349123,65.4,36.351051,127.349287,43,37.80445,-54.88,-37.84684605,-48.7429,-35.7429,,-36.57893,-45.59477,-52.14196,0,,
2023-05-31 14:40,36.351299,127.349124,64,36.351051,127.349287,43,37.17791,-56,-37.11996017,-48.59774,-35.59774,,-36.43377,-45.44962,-51.9968,0,,
2023-05-31 14:40,36.351299,127.349123,62.6,36.351051,127.349287,43,36.37343,-61.81,-36.08746441,-48.40773,-35.40773,,-36.24376,-45.2596,-51.80679,0,,
2023-05-31 14:40,36.351298,127.349123,61.1,36.351051,127.349287,43,35.63507,-69.18,-35.01798631,-48.22959,-35.22959,,-36.06562,-45.08147,-51.62865,0,,
2023-05-31 14:41,36.351297,127.349123,59.6,36.351051,127.349287,43,34.83669,-57.24,-33.69096506,-48.03278,-35.03278,,-35.8688,-44.88465,-51.43184,0,,
2023-05-31 14:41,36.351297,127.349123,58.1,36.351051,127.349287,43,34.08017,-62.31,-32.21356517,-47.84207,-34.84207,,-35.6781,-44.69395,-51.24113,0,,
2023-05-31 14:41,36.351297,127.349123,57.3,36.351051,127.349287,43,33.96027,-59.9,-31.95449592,-47.81146,-34.81146,,-35.64749,-44.66334,-51.21052,0,,
2023-05-31 14:41,36.351298,127.349123,56.7,36.351051,127.349287,43,33.50156,-61.27,-30.88523145,-47.69334,-34.69334,,-35.52937,-44.54522,-51.0924,0,,
2023-05-31 14:41,36.351298,127.349123,56.2,36.351051,127.349287,43,33.59381,-75.6,-31.11110226,-47.71722,-34.71722,,-35.55325,-44.5691,-51.11628,0,,
2023-05-31 14:41,36.351298,127.349123,55.7,36.351051,127.349287,43,33.28252,-65.72,-30.32414762,-47.63636,-34.63636,,-35.47239,-44.48824,-51.03542,0,,
2023-05-31 14:41,36.351297,127.349123,55.2,36.351051,127.349287,43,32.84577,-60.04,-29.08399593,-47.52163,-34.52163,,-35.35766,-44.3735,-50.92069,0,,
2023-05-31 14:41,36.351297,127.349123,54.7,36.351051,127.349287,43,32.68695,-55.13,-28.5851917,-47.47953,-34.47953,,-35.31556,-44.3314,-50.87859,0,,
2023-05-31 14:41,36.351297,127.349123,54.2,36.351051,127.349287,43,32.53598,-53.76,-28.08291648,-47.43932,-34.43932,,-35.27534,-44.29119,-50.83838,0,,
2023-05-31 14:41,36.351297,127.349124,53.7,36.351051,127.349287,43,32.24067,-54.97,-27.00755799,-47.36012,-34.36012,,-35.19615,-44.21199,-50.75918,0,,
2023-05-31 14:41,36.351297,127.349124,53.1,36.351051,127.349287,43,32.07738,-59.89,-26.35031892,-47.31602,-34.31602,,-35.15205,-44.16789,-50.71508,0,,
2023-05-31 14:41,36.351297,127.349123,52.7,36.351051,127.349287,43,32.2334,-57.64,-26.97933024,-47.35816,-34.35816,,-35.19419,-44.21004,-50.75722,0,,
2023-05-31 14:41,36.351298,127.349122,52.1,36.351051,127.349287,43,32.09053,-55.62,-26.40512808,-47.31958,-34.31958,,-35.15561,-44.17145,-50.71864,0,,
2023-05-31 14:41,36.351298,127.349123,51.6,36.351051,127.349287,43,31.97783,-54.65,-25.9237792,-47.28902,-34.28902,,-35.12505,-44.1409,-50.68808,0,,
2023-05-31 14:41,36.351298,127.349124,51.1,36.351051,127.349287,43,31.7069,-52.15,-24.64416157,-47.21511,-34.21511,,-35.05114,-44.06699,-50.61417,0,,
2023-05-31 14:41,36.351298,127.349124,50.5,36.351051,127.349287,43,31.60768,-48.91,-24.12399218,-47.18789,-34.18789,,-35.02392,-44.03976,-50.58695,0,,
2023-05-31 14:41,36.351298,127.349124,50.1,36.351051,127.349287,43,31.51706,-48.61,-23.62005515,-47.16295,-34.16295,,-34.99898,-44.01483,-50.56201,0,,
2023-05-31 14:41,36.351297,127.349125,49.6,36.351051,127.349287,43,31.26014,-48.96,-22.00837595,-47.09186,-34.09186,,-34.92789,-43.94373,-50.49091,0,,
2023-05-31 14:41,36.351297,127.349125,49.1,36.351051,127.349287,43,31.18355,-49.8,-21.4637322,-47.07055,-34.07055,,-34.90658,-43.92242,-50.46961,0,,
2023-05-31 14:41,36.351297,127.349125,48.6,36.351051,127.349287,43,31.11582,-57.51,-20.95188283,-47.05166,-34.05166,,-34.88769,-43.90354,-50.45072,0,,
2023-05-31 14:41,36.351297,127.349125,48.1,36.351051,127.349287,43,31.057,-68.22,-20.48149975,-47.03523,-34.03523,,-34.87126,-43.8871,-50.43429,0,,
2023-05-31 14:41,36.351298,127.349125,48,36.351051,127.349287,43,31.06454,-68.37,-20.54323969,-47.03734,-34.03734,,-34.87337,-43.88921,-50.4364,0,,
2023-05-31 14:41,36.351298,127.349125,48,36.351051,127.349287,43,31.06454,-68.85,-20.54323969,-47.03734,-34.03734,,-34.87337,-43.88921,-50.4364,0,,
2023-05-31 14:41,36.351298,127.349125,48,36.351051,127.349287,43,31.06454,-67.38,-20.54323969,-47.03734,-34.03734,,-34.87337,-43.88921,-50.4364,0,,
2023-05-31 14:41,36.351298,127.349125,48,36.351051,127.349287,43,31.06454,-63.19,-20.54323969,-47.03734,-34.03734,,-34.87337,-43.88921,-50.4364,0,,
2023-05-31 14:41,36.351298,127.349125,48,36.351051,127.349287,43,31.06454,-69.49,-20.54323969,-47.03734,-34.03734,,-34.87337,-43.88921,-50.4364,0,,
2023-05-31 14:41,36.351298,127.349125,48,36.351051,127.349287,43,31.06454,-39,-20.54323969,-47.03734,-34.03734,,-34.87337,-43.88921,-50.4364,0,,
2023-05-31 14:41,36.351298,127.349125,48,36.351051,127.349287,43,31.06454,-45.6,-20.54323969,-47.03734,-34.03734,,-34.87337,-43.88921,-50.4364,0,,
2023-05-31 14:41,36.351298,127.349125,48,36.351051,127.349287,43,31.06454,-56.81,-20.54323969,-47.03734,-34.03734,,-34.87337,-43.88921,-50.4364,0,,
2023-05-31 14:41,36.351298,127.349125,48,36.351051,127.349287,43,31.06454,-69.61,-20.54323969,-47.03734,-34.03734,,-34.87337,-43.88921,-50.4364,0,,
2023-05-31 14:41,36.351298,127.349125,48,36.351051,127.349287,43,31.06454,-67.16,-20.54323969,-47.03734,-34.03734,,-34.87337,-43.88921,-50.4364,0,,
2023-05-31 14:41,36.351298,127.349125,48,36.351051,127.349287,43,31.06454,-62.44,-20.54323969,-47.03734,-34.03734,,-34.87337,-43.88921,-50.4364,0,,
2023-05-31 14:41,36.351298,127.349125,48,36.351051,127.349287,43,31.06454,-69.58,-20.54323969,-47.03734,-34.03734,,-34.87337,-43.88921,-50.4364,0,,
2023-05-31 14:41,36.351298,127.349125,48,36.351051,127.349287,43,31.06454,-63.29,-20.54323969,-47.03734,-34.03734,,-34.87337,-43.88921,-50.4364,0,,
2023-05-31 14:41,36.351298,127.349125,48,36.351051,127.349287,43,31.06454,-75.46,-20.54323969,-47.03734,-34.03734,,-34.87337,-43.88921,-50.4364,0,,
2023-05-31 14:41,36.351298,127.349125,48,36.351051,127.349287,43,31.06454,-72.98,-20.54323969,-47.03734,-34.03734,,-34.87337,-43.88921,-50.4364,0,,
2023-05-31 14:41,36.351298,127.349125,48,36.351051,127.349287,43,31.06454,-64.96,-20.54323969,-47.03734,-34.03734,,-34.87337,-43.88921,-50.4364,0,,
2023-05-31 14:41,36.351298,127.349125,48,36.351051,127.349287,43,31.06454,-60.91,-20.54323969,-47.03734,-34.03734,,-34.87337,-43.88921,-50.4364,0,,
2023-05-31 14:41,36.351298,127.349124,48.1,36.351051,127.349287,43,31.057,-76.31,-20.48149975,-47.03523,-34.03523,,-34.87126,-43.8871,-50.43429,0,,
2023-05-31 14:41,36.351295,127.34912,48.1,36.351051,127.349287,43,30.99504,-68.88,-19.95681079,-47.01788,-34.01788,,-34.85391,-43.86976,-50.41694,0,,
2023-05-31 14:41,36.351295,127.34912,48,36.351051,127.349287,43,30.99504,-62.71,-19.95681079,-47.01788,-34.01788,,-34.85391,-43.86976,-50.41694,0,,
2023-05-31 14:41,36.351294,127.34912,48,36.351051,127.349287,43,30.99504,-73.35,-19.95681079,-47.01788,-34.01788,,-34.85391,-43.86976,-50.41694,0,,
2023-05-31 14:41,36.351294,127.34912,48,36.351051,127.349287,43,30.99504,-57.27,-19.95681079,-47.01788,-34.01788,,-34.85391,-43.86976,-50.41694,0,,
2023-05-31 14:41,36.351294,127.349121,48,36.351051,127.349287,43,30.80842,-66.4,-18.15274099,-46.96543,-33.96543,,-34.80146,-43.8173,-50.36449,0,,
2023-05-31 14:41,36.351295,127.349121,48,36.351051,127.349287,43,30.99504,-58.82,-19.95681079,-47.01788,-34.01788,,-34.85391,-43.86976,-50.41694,0,,
2023-05-31 14:41,36.351296,127.349121,47.9,36.351051,127.349287,43,30.99958,-58.85,-19.99635116,-47.01915,-34.01915,,-34.85518,-43.87103,-50.41821,0,,
2023-05-31 14:41,36.351296,127.349121,47.9,36.351051,127.349287,43,30.99958,-39.6,-19.99635116,-47.01915,-34.01915,,-34.85518,-43.87103,-50.41821,0,,
2023-05-31 14:41,36.351296,127.349121,48,36.351051,127.349287,43,30.99958,-68.05,-19.99635116,-47.01915,-34.01915,,-34.85518,-43.87103,-50.41821,0,,
2023-05-31 14:41,36.351296,127.349121,47.9,36.351051,127.349287,43,30.99958,-63.98,-19.99635116,-47.01915,-34.01915,,-34.85518,-43.87103,-50.41821,0,,
2023-05-31 14:41,36.351296,127.349121,47.9,36.351051,127.349287,43,30.99958,-69.26,-19.99635116,-47.01915,-34.01915,,-34.85518,-43.87103,-50.41821,0,,
2023-05-31 14:41,36.351296,127.349121,47.9,36.351051,127.349287,43,30.99958,-64.4,-19.99635116,-47.01915,-34.01915,,-34.85518,-43.87103,-50.41821,0,,
2023-05-31 14:41,36.351296,127.349121,47.9,36.351051,127.349287,43,30.99958,-72.35,-19.99635116,-47.01915,-34.01915,,-34.85518,-43.87103,-50.41821,0,,
2023-05-31 14:41,36.351296,127.349121,47.9,36.351051,127.349287,43,30.99958,-92.1,-19.99635116,-47.01915,-34.01915,,-34.85518,-43.87103,-50.41821,0,,
2023-05-31 14:41,36.351296,127.349121,47.9,36.351051,127.349287,43,30.99958,-67.7,-19.99635116,-47.01915,-34.01915,,-34.85518,-43.87103,-50.41821,0,,
2023-05-31 14:41,36.351296,127.349121,47.9,36.351051,127.349287,43,30.99958,-59.94,-19.99635116,-47.01915,-34.01915,,-34.85518,-43.87103,-50.41821,0,,
2023-05-31 14:41,36.351296,127.349121,47.9,36.351051,127.349287,43,30.99958,-60.83,-19.99635116,-47.01915,-34.01915,,-34.85518,-43.87103,-50.41821,0,,
2023-05-31 14:41,36.351296,127.349121,47.9,36.351051,127.349287,43,30.99958,-55.16,-19.99635116,-47.01915,-34.01915,,-34.85518,-43.87103,-50.41821,0,,
2023-05-31 14:41,36.351296,127.349121,47.9,36.351051,127.349287,43,30.99958,-63.57,-19.99635116,-47.01915,-34.01915,,-34.85518,-43.87103,-50.41821,0,,
2023-05-31 14:41,36.351296,127.349121,47.9,36.351051,127.349287,43,30.99958,-60.86,-19.99635116,-47.01915,-34.01915,,-34.85518,-43.87103,-50.41821,0,,
2023-05-31 14:41,36.351296,127.349121,47.9,36.351051,127.349287,43,30.99958,-63.14,-19.99635116,-47.01915,-34.01915,,-34.85518,-43.87103,-50.41821,0,,
